Origin_Code,Destination_Code,Flow
1,0,140.99
1,1,1109252.9300000002
1,2,3138.57
1,3,886.6899999999998
1,4,8207.540000000003
1,5,3558.21
1,6,974.5899999999997
1,7,1971.950000000001
1,8,17.080000000000002
1,9,73.46999999999998
1,10,152.57999999999996
1,11,12.51
1,12,217.35
1,13,167.67
1,14,40.47
1,15,3156.19
1,16,59.69
1,17,44.43
1,18,96.33
1,19,27.12
1,20,4.35
1,21,1.0
1,22,26.75
1,23,15.19
1,24,21.89
1,26,76.50999999999998
1,27,1.0
1,28,18.21
1,29,6.83
1,33,61.81
1,34,12.15
1,35,8.030000000000001
1,36,26.02
1,37,25.000000000000004
1,38,12.54
1,40,2.0
1,45,1.0
1,46,7.210000000000001
1,47,2.57
1,48,4.6
1,49,1.0
1,50,3.39
1,58,19.56
1,96,1075.53
1,97,23.180000000000003
1,98,33.62
1,100,3.03
1,103,49.8
1,108,107.69000000000004
2,0,12.99
2,1,4619.470000000001
2,2,68308.87999999998
2,3,4814.3600000000015
2,4,35.81
2,5,110.41
2,6,1807.87
2,7,41.34
2,9,8.05
2,10,22.69
2,11,1.0
2,12,131.29000000000002
2,13,25.51
2,14,2.0
2,15,1276.0700000000004
2,16,23.58
2,17,9.0
2,18,348.5100000000001
2,19,1.0
2,21,2.0
2,22,1.0
2,23,21.0
2,24,29.32
2,26,4.0
2,27,21.21
2,28,3.0
2,29,1.0
2,33,5.0
2,34,1.0
2,35,2.93
2,36,14.21
2,37,0.0
2,40,3.2
2,48,1.0
2,49,3.0
2,50,1.0
2,96,3285.84
2,97,1.0
2,98,10.39
2,103,60.4
2,108,38.63
3,0,94.0
3,1,745.7800000000002
3,2,4348.48
3,3,160327.01999999993
3,4,14.88
3,5,181.73
3,6,254.2
3,7,8.76
3,8,9.92
3,9,4.0
3,10,14.43
3,11,6.0
3,12,5996.9900000000025
3,13,174.04
3,14,1.0
3,15,12653.87
3,16,90.23
3,17,27.28
3,18,1266.35
3,19,8.92
3,20,5.0
3,21,3.0
3,22,12.0
3,23,17.13
3,24,38.02
3,25,2.6
3,26,3.0
3,27,9.0
3,28,14.0
3,29,4.0
3,33,15.02
3,34,7.0
3,35,2.0
3,36,150.86
3,37,2.0
3,39,2.0
3,40,2.0
3,46,1.0
3,48,1.0
3,50,6.76
3,52,2.0
3,58,7.23
3,96,488.73
3,97,34.03
3,98,36.82
3,99,6.0
3,100,3.0
3,103,2263.3
3,108,292.73
4,0,29.0
4,1,13003.599999999995
4,2,17.73
4,3,28.23
4,4,290033.0600000001
4,5,1929.39
4,6,195.38
4,7,9.0
4,8,123.75
4,9,864.51
4,10,114.96
4,11,4.0
4,12,5.0
4,13,10.0
4,14,6.26
4,15,113.23
4,16,3.0
4,17,4.68
4,18,12.34
4,19,17.46
4,20,2.0
4,22,4.0
4,23,4.0
4,24,2.0
4,28,1.0
4,33,4.0
4,34,3.0
4,36,3.0
4,37,3.82
4,40,1.0
4,46,8.0
4,50,1.0
4,52,8.0
4,96,12.63
4,97,1.0
4,98,4.0
4,103,3.0
4,108,6.0
5,0,6.99
5,1,9115.96
5,2,117.49
5,3,42.08
5,4,4614.5
5,5,88245.04000000002
5,6,3736.15
5,7,13.69
5,8,8.81
5,9,57.87
5,10,111.41
5,12,25.28
5,13,4.0
5,14,1.0
5,15,281.34000000000003
5,16,8.0
5,17,5.0
5,18,56.27
5,19,4.0
5,21,1.0
5,22,3.0
5,23,0.0
5,24,4.0
5,27,3.0
5,28,0.0
5,29,1.0
5,33,7.0
5,34,0.0
5,36,0.0
5,37,6.0
5,38,1.0
5,46,4.32
5,47,1.0
5,51,1.0
5,52,1.0
5,96,21.78
5,97,3.0
5,98,2.0
5,100,1.0
5,103,5.0
5,108,5.0
6,0,13.0
6,1,1987.2899999999993
6,2,1345.7499999999998
6,3,318.27
6,4,229.67
6,5,2704.37
6,6,182170.8700000001
6,7,7.71
6,8,12.99
6,9,413.42
6,10,5027.5999999999985
6,11,14.89
6,12,83.63999999999997
6,13,30.950000000000006
6,14,5.77
6,15,2268.84
6,16,19.02
6,17,31.01
6,18,3975.83
6,19,17.84
6,20,16.900000000000002
6,21,4.0
6,23,3.0
6,24,15.41
6,25,5.97
6,26,0.0
6,27,2.0
6,28,10.82
6,29,1.0
6,33,72.82
6,34,16.68
6,35,10.02
6,36,3.79
6,37,11.1
6,38,9.0
6,40,2.76
6,41,1.0
6,45,2.0
6,46,2.0
6,47,2.0
6,48,4.24
6,49,1.0
6,50,3.54
6,51,3.0
6,58,0.0
6,93,1.0
6,96,65.17
6,97,6.88
6,98,24.15
6,99,5.0
6,103,12.45
6,108,54.36
7,0,21.0
7,1,1035.86
7,2,18.21
7,3,8.1
7,4,5.0
7,5,4.0
7,6,45.18
7,7,65458.94
7,8,1.0
7,10,2.01
7,11,1.0
7,12,6.0
7,15,50.44
7,16,1.0
7,18,3.0
7,22,2.0
7,23,1.0
7,29,1.0
7,37,6.0
7,50,2.0
7,96,45.18
7,108,4.0
8,0,4059.02
8,1,51.36
8,3,4.0
8,4,76.9
8,5,2.0
8,6,8.76
8,8,89560.94999999998
8,9,1393.0100000000002
8,10,304.06000000000006
8,11,2.0
8,12,7.75
8,15,15.37
8,16,7.37
8,17,2.0
8,18,3.24
8,19,1.0
8,20,4.16
8,34,0.0
8,35,1.0
8,36,2.31
8,46,1.0
8,48,0.0
8,49,2.31
8,50,4.49
8,52,0.0
8,96,1.0
8,108,2.0
9,0,15.0
9,1,196.38
9,2,5.0
9,3,13.0
9,4,819.31
9,5,36.18
9,6,291.51
9,8,1323.7800000000002
9,9,118642.84000000005
9,10,5762.339999999997
9,11,16.87
9,12,8.0
9,13,3.0
9,14,14.0
9,15,128.97000000000003
9,16,9.73
9,17,1.0
9,18,30.61
9,19,1.0
9,22,9.0
9,23,12.0
9,24,1.0
9,28,1.0
9,33,5.45
9,34,2.0
9,35,7.18
9,36,7.02
9,37,4.0
9,38,1.0
9,45,2.0
9,46,2.0
9,48,9.07
9,51,1.0
9,52,17.84
9,96,8.0
9,97,2.52
9,100,4.22
9,103,1.0
9,108,5.0
10,0,18.0
10,1,167.31000000000003
10,2,28.44
10,3,17.33
10,4,220.11
10,5,81.07
10,6,2733.35
10,7,5.1400000000000015
10,8,110.31
10,9,3056.6399999999994
10,10,402085.2699999998
10,11,751.07
10,12,8.0
10,13,20.19
10,14,6.43
10,15,989.2100000000003
10,16,10.58
10,17,12.68
10,18,182.08
10,19,4.0
10,20,2.0
10,21,2.0
10,22,3.0
10,23,11.64
10,24,5.8100000000000005
10,27,2.0
10,28,46.22
10,29,1.0
10,33,52.84
10,34,35.77
10,35,36.12000000000001
10,36,8.01
10,37,7.1
10,38,28.77
10,39,0.0
10,40,2.4
10,45,81.76
10,46,23.9
10,47,2.0
10,48,11.24
10,49,10.56
10,50,30.75
10,51,1.0
10,52,6.07
10,53,6.32
10,58,32.1
10,96,7.73
10,97,2.0
10,98,11.31
10,99,1.0
10,100,7.41
10,103,1.0
10,108,27.38
11,0,10.0
11,1,12.11
11,2,4.0
11,3,2.58
11,4,9.29
11,6,5.0
11,8,7.16
11,9,13.08
11,10,1880.76
11,11,92125.19999999994
11,12,1.0
11,13,1.0
11,14,4.0
11,15,50.28
11,16,6.48
11,17,4.0
11,18,1.0
11,19,3.95
11,22,2.0
11,24,2.0
11,25,3.0
11,27,1.0
11,28,5.43
11,33,4.0
11,34,137.42
11,35,16.98
11,36,4.0
11,37,5.99
11,39,1.0
11,40,1.0
11,41,10.0
11,42,1.0
11,43,5.0
11,45,4956.5
11,46,599.1700000000002
11,47,19.16
11,48,95.40999999999998
11,49,104.36
11,50,1189.4
11,51,1.0
11,52,8.0
11,54,2.0
11,55,2.0
11,57,4.0
11,58,3.8
11,96,2.0
11,97,1.0
11,100,13.2
11,103,2.0
11,108,6.45
12,0,21787.0
12,1,144.39
12,2,87.3
12,3,2841.9200000000005
12,4,16.0
12,5,10.92
12,6,50.35
12,7,21.1
12,8,8.0
12,9,8.02
12,10,24.69
12,11,170.38
12,12,375819.9599999997
12,13,8194.369999999999
12,14,8.0
12,15,54440.60000000001
12,16,372.43
12,17,90.25
12,18,201.85
12,19,35.08
12,20,12.73
12,21,13.16
12,22,9.0
12,23,62.59
12,24,139.16
12,25,5.0
12,26,3.0
12,27,5.0
12,28,12.09
12,29,2.0
12,33,20.6
12,34,24.8
12,35,5.0
12,36,18.450000000000006
12,37,13.86
12,40,2.89
12,46,5.99
12,48,7.96
12,50,3.0
12,51,1.0
12,52,0.0
12,93,1.0
12,96,85.97999999999998
12,97,172.17000000000004
12,98,77.95
12,99,9.43
12,100,1.0
12,103,870.9
12,108,2667.380000000001
13,0,20533.03
13,1,84.24000000000002
13,2,26.73
13,3,213.01
13,4,255.48
13,5,4.54
13,6,17.0
13,7,4.0
13,8,1.0
13,9,98.26
13,10,18.11
13,11,8.0
13,12,12666.139999999998
13,13,242894.98000000036
13,14,1004.34
13,15,23169.450000000008
13,16,382.28
13,17,95.32
13,18,91.05
13,19,41.04
13,20,3.0
13,21,2.0
13,22,7.0
13,23,18.59
13,24,117.54
13,25,2.41
13,26,6.0
13,27,9.13
13,28,23.0
13,29,23.3
13,30,1.0
13,31,4.0
13,33,26.79
13,34,25.19
13,35,17.19
13,36,11.09
13,37,13.53
13,38,2.0
13,39,2.0
13,40,5.0
13,45,11.9
13,46,7.0
13,48,4.0
13,50,1.0
13,96,24.0
13,97,6357.429999999998
13,98,313.0
13,99,5.08
13,103,35.87000000000001
13,108,13203.19
14,0,2625.0
14,1,4.0
14,3,1.0
14,4,1.71
14,6,3.0
14,8,1.0
14,9,19.0
14,10,8.29
14,11,3.0
14,12,22.9
14,13,691.2399999999999
14,14,84250.99999999999
14,15,563.54
14,16,42.93
14,17,92.17
14,18,12.0
14,19,4.0
14,20,5.0
14,21,4.0
14,22,4.0
14,23,1.0
14,24,4.0
14,28,3.0
14,29,1.0
14,33,7.0
14,35,1.0
14,36,2.0
14,37,6.0
14,40,1.0
14,46,1.0
14,96,2.0
14,97,1946.6900000000005
14,98,4.0
14,108,90.49
15,0,707.0199999999999
15,1,925.39
15,2,288.0699999999999
15,3,4048.360000000004
15,4,42.46
15,5,63.3
15,6,433.75
15,7,9.45
15,8,22.53
15,9,25.86
15,10,208.89
15,11,20.98
15,12,31197.810000000038
15,13,4650.87
15,14,53.77
15,15,1534231.0499999938
15,16,9795.960000000006
15,17,1066.5399999999997
15,18,9948.900000000009
15,19,1840.4100000000005
15,20,61.87000000000001
15,21,29.18
15,22,37.97
15,23,216.7
15,24,1297.7
15,25,6.51
15,26,36.8
15,27,51.63999999999999
15,28,43.41
15,29,10.73
15,30,11.41
15,32,0.0
15,33,731.39
15,34,309.95
15,35,91.17
15,36,141.70000000000005
15,37,114.9
15,38,11.53
15,39,8.1
15,40,8.29
15,41,17.1
15,45,39.14
15,46,6.6400000000000015
15,47,9.63
15,48,110.11
15,49,18.77
15,50,49.13
15,51,2.0
15,52,162.26
15,58,33.33
15,83,17.07
15,93,13.33
15,96,567.6500000000002
15,97,1937.7600000000007
15,98,6818.729999999996
15,99,37.09
15,100,1.0
15,103,180.56999999999996
15,108,42466.21000000002
16,0,68.0
16,1,97.44
16,2,18.7
16,3,73.09
16,4,46.45
16,5,21.83
16,6,70.47999999999998
16,8,2.0
16,9,9.0
16,10,31.77
16,11,4.0
16,12,431.29
16,13,476.15
16,14,45.54
16,15,30723.730000000003
16,16,536459.9899999995
16,17,13991.009999999998
16,18,273.46000000000004
16,19,2492.5000000000005
16,20,88.83999999999997
16,21,68.58
16,22,34.39
16,23,220.01
16,24,74.8
16,25,26.1
16,26,10.0
16,27,17.03
16,28,35.0
16,29,11.68
16,30,9.49
16,33,86.19
16,34,91.34
16,35,23.0
16,36,29.62
16,37,64.87
16,38,15.42
16,39,4.0
16,40,7.0
16,41,3.0
16,45,13.33
16,46,13.52
16,47,1.0
16,48,14.0
16,49,2.0
16,50,4.0
16,52,6.66
16,58,3.44
16,93,2.0
16,96,84.78
16,97,4667.51
16,98,378.38
16,99,2.0
16,100,1.0
16,103,11.0
16,108,6294.6500000000015
17,0,49.0
17,1,52.40000000000001
17,2,11.0
17,3,29.0
17,4,7.0
17,5,13.28
17,6,11.91
17,7,1.0
17,8,1.0
17,9,4.0
17,10,26.08
17,11,5.0
17,12,214.44
17,13,158.39
17,14,209.0
17,15,7701.1799999999985
17,16,12528.47
17,17,625673.0400000003
17,18,183.33
17,19,4393.67
17,20,5806.299999999998
17,21,42.16
17,22,916.3200000000003
17,23,2856.1500000000005
17,24,129.84
17,25,1.0
17,26,26.630000000000006
17,27,67.36
17,28,192.09
17,29,10.260000000000002
17,30,11.48
17,31,1.0
17,32,5.79
17,33,281.0
17,34,405.03
17,35,53.44
17,36,40.18
17,37,52.21
17,38,23.84
17,39,2.0
17,40,10.0
17,41,3.0
17,42,1.0
17,46,2.0
17,47,2.0
17,48,14.17
17,49,1.0
17,50,6.0
17,51,1.0
17,52,1.0
17,54,1.0
17,58,5.34
17,93,3.0
17,96,9.0
17,97,89.0
17,98,203.23
17,99,3.0
17,100,1.0
17,103,3.0
17,108,498.96
18,0,31.0
18,1,173.85000000000005
18,2,914.71
18,3,2021.76
18,4,24.37
18,5,49.85
18,6,3985.450000000001
18,7,2.0
18,8,9.65
18,9,36.23
18,10,205.43
18,11,18.88
18,12,369.9300000000002
18,13,145.54
18,14,10.62
18,15,44486.41999999999
18,16,202.76999999999995
18,17,111.84
18,18,214763.87999999992
18,19,156.93
18,20,66.62
18,21,7.51
18,22,26.96
18,23,33.66
18,24,95.48
18,25,5.0
18,26,26.85
18,27,3.77
18,28,89.81
18,29,3.0
18,30,1.0
18,33,1922.89
18,34,142.78999999999996
18,35,27.44
18,36,19.4
18,37,17.13
18,38,9.0
18,39,2.0
18,40,4.0
18,41,172.54000000000005
18,45,7.0
18,46,2.0
18,47,15.0
18,48,7.38
18,49,5.23
18,50,70.25000000000001
18,51,2.0
18,52,24.26
18,57,1.0
18,93,7.65
18,96,46.82
18,97,33.58
18,98,2600.26
18,99,93.05
18,103,14.02
18,108,521.3999999999999
19,0,10.0
19,1,28.41
19,2,6.5299999999999985
19,3,16.82
19,4,31.92
19,5,32.61
19,6,18.8
19,7,1.0
19,8,5.0
19,9,2.0
19,10,7.0
19,11,5.0
19,12,59.01
19,13,42.55
19,14,2.0
19,15,13444.94
19,16,4347.41
19,17,4277.190000000001
19,18,325.0499999999999
19,19,151621.14999999994
19,20,3007.71
19,21,5.0
19,22,14.91
19,23,111.4
19,24,44.14
19,25,1.0
19,26,27.0
19,27,71.44
19,28,124.57
19,29,2.0
19,30,7.0
19,33,1642.2400000000007
19,34,2221.66
19,35,198.75000000000003
19,36,68.45
19,37,43.17
19,38,6.0
19,39,1.0
19,40,4.0
19,41,2.0
19,42,1.0
19,45,1.0
19,46,3.0
19,47,3.0
19,48,1.0
19,49,13.0
19,50,2.0
19,51,1.0
19,52,3.0
19,53,44.66
19,54,3.0
19,58,5.82
19,61,3.0
19,93,3.98
19,96,6.07
19,97,49.51
19,98,3940.7300000000014
19,99,3.0
19,100,2.0
19,103,2.7
19,108,415.98
20,0,4.0
20,1,28.0
20,2,1.0
20,3,5.0
20,4,39.0
20,5,21.0
20,6,10.62
20,8,11.48
20,9,3.0
20,10,1.0
20,11,5.0
20,12,17.939999999999994
20,13,8.0
20,14,1.0
20,15,390.78
20,16,73.61
20,17,6439.22
20,18,23.0
20,19,2780.16
20,20,184212.09000000003
20,21,17.0
20,22,124.92
20,23,6594.88
20,24,61.06
20,25,1.0
20,26,24.0
20,27,39.5
20,28,99.1
20,29,582.25
20,30,7.0
20,31,1.0
20,32,2.0
20,33,70.95
20,34,1347.99
20,35,4437.79
20,36,3379.03
20,37,397.64
20,38,533.97
20,39,18.0
20,40,8.0
20,41,1.0
20,42,9.0
20,43,2.0
20,45,11.0
20,46,2.0
20,47,1.0
20,48,14.0
20,49,3.85
20,51,3.0
20,52,0.0
20,53,27.0
20,54,3.0
20,93,8.0
20,96,2.0
20,97,4.0
20,98,74.0
20,99,8.0
20,100,2.0
20,108,38.33
20,109,1.0
21,0,1054.0
21,3,1.0
21,12,1.0
21,15,68.6
21,16,1.0
21,17,3.0
21,18,2.0
21,20,4.0
21,21,283674.11000000004
21,22,1795.0200000000002
21,23,85.16000000000003
21,24,6.0
21,25,44.38
21,26,12.8
21,27,5.66
21,28,51.65
21,29,5.96
21,30,13.35
21,31,1.0
21,32,1.0
21,33,1.0
21,34,0.0
21,36,6.6099999999999985
21,37,32.65
21,38,0.0
21,39,0.0
21,40,3.0
21,47,0.0
21,48,14.18
21,93,3.0
21,97,1.0
21,108,0.0
22,0,14.0
22,1,72.39
22,2,3.0
22,3,3.0
22,4,6.0
22,5,6.0
22,6,4.0
22,7,2.0
22,9,2.0
22,10,2.0
22,11,3.0
22,12,8.0
22,13,9.0
22,14,4.0
22,15,57.0
22,16,14.0
22,17,720.5600000000002
22,19,25.47
22,20,34.0
22,21,2800.99
22,22,288029.1100000002
22,23,1197.3200000000004
22,24,223.47000000000003
22,25,507.73
22,26,98.73
22,27,41.82
22,28,85.96
22,29,17.630000000000006
22,30,7.6400000000000015
22,31,1.0
22,32,2.0
22,33,4.0
22,34,8.0
22,35,7.37
22,36,20.0
22,37,35.37999999999999
22,38,11.0
22,39,1.0
22,40,4.0
22,41,2.76
22,45,3.0
22,46,5.77
22,48,4.0
22,50,1.0
22,93,7.0
22,96,3.0
22,97,4.0
22,98,1.0
22,99,3.0
22,103,1.0
22,108,5.0
23,0,37.0
23,1,123.94
23,2,1.0
23,3,14.61
23,4,7.0
23,5,21.66
23,6,8.0
23,7,3.0
23,8,1.0
23,9,3.0
23,10,6.0
23,11,5.0
23,12,201.57
23,13,190.79
23,14,11.0
23,15,561.6999999999998
23,16,122.53
23,17,1765.59
23,18,13.46
23,19,73.00999999999998
23,20,3796.04
23,21,164.91
23,22,1729.2800000000002
23,23,470853.06000000023
23,24,7316.459999999999
23,25,9.0
23,26,186.19
23,27,531.87
23,28,2536.82
23,29,748.6699999999997
23,30,21.58
23,31,19.0
23,33,29.93
23,34,161.1
23,35,85.78
23,36,182.33
23,37,213.67
23,38,140.4
23,39,7.0
23,40,6.09
23,41,6.17
23,42,1.0
23,43,1.0
23,46,1.0
23,47,23.72
23,48,35.82
23,50,4.0
23,51,17.75
23,53,1.0
23,54,2.0
23,58,5.41
23,93,20.0
23,96,23.81
23,97,4.0
23,98,7.0
23,99,11.84
23,103,49.5
23,108,35.04
24,0,31.0
24,1,36.99
24,2,7.0
24,3,2.0
24,4,4.46
24,6,1.0
24,7,1.0
24,9,1.0
24,10,0.0
24,11,1.0
24,12,7.33
24,13,2.0
24,14,8.68
24,15,102.36
24,16,27.42
24,17,120.89
24,18,52.95
24,19,8.0
24,20,64.02000000000001
24,21,21.45
24,22,462.3000000000001
24,23,5240.460000000002
24,24,447282.1000000003
24,25,268.61
24,26,3713.82
24,27,1865.11
24,28,13908.479999999996
24,29,135.45
24,30,25.94
24,31,1.0
24,32,5.88
24,33,22.25
24,34,9.36
24,35,27.91
24,36,20.03
24,37,61.38
24,38,85.99
24,39,6.34
24,40,4.0
24,41,7.0
24,42,0.0
24,45,1.0
24,46,5.6
24,47,5.0
24,48,30.69
24,50,23.67
24,51,2.0
24,52,41.87
24,53,1.0
24,93,23.05
24,96,92.15
24,97,1.0
24,98,2.0
24,100,5.0
24,103,4.0
24,108,12.0
25,0,4.0
25,12,1.0
25,15,7.3
25,16,0.0
25,17,7.0
25,20,2.0
25,21,273.06
25,22,532.81
25,23,12.04
25,24,158.76
25,25,100974.98
25,26,1949.53
25,27,249.77
25,28,194.87
25,29,1.0
25,30,75.65
25,31,2.0
25,32,15.66
25,34,1.0
25,35,1.0
25,37,12.36
25,38,8.0
25,39,1.0
25,40,1.0
25,51,2.0
25,93,76.13
25,96,5.0
25,99,1.0
26,0,23.0
26,1,8.16
26,2,3.0
26,3,4.0
26,6,6.0
26,12,3.0
26,13,4.57
26,14,31.0
26,15,59.94
26,16,6.0
26,17,183.34
26,18,36.64
26,19,1.0
26,20,8.49
26,21,27.08
26,22,107.82
26,23,170.42
26,24,7384.85
26,25,1998.16
26,26,425476.05999999994
26,27,23540.900000000005
26,28,9722.850000000004
26,29,117.84
26,30,680.2599999999999
26,31,44.85
26,32,135.70999999999998
26,33,24.52
26,34,16.68
26,35,5.9
26,36,5.0
26,37,99.24
26,38,41.87
26,39,3.0
26,40,5.91
26,41,11.9
26,42,2.52
26,43,2.0
26,46,5.04
26,48,4.0
26,50,1.0
26,52,4.72
26,58,3.48
26,93,5681.6
26,96,16.0
26,97,1.0
26,98,2.0
26,99,0.0
26,100,2.0
26,103,1.0
26,108,5.75
27,0,13.0
27,1,2.0
27,2,15.93
27,3,7.75
27,4,2.0
27,5,3.0
27,6,3.31
27,10,20.0
27,11,3.0
27,12,13.43
27,13,21.1
27,14,1.0
27,15,127.32
27,16,11.13
27,17,78.51
27,18,2.98
27,19,0.0
27,20,7.0
27,21,27.27
27,22,35.23
27,23,425.2
27,24,1509.5100000000007
27,25,89.23
27,26,19379.600000000006
27,27,375943.62999999983
27,28,27996.09999999998
27,29,2097.25
27,30,2114.99
27,31,133.23999999999998
27,32,481.47
27,33,47.09
27,34,11.0
27,35,13.43
27,36,19.16
27,37,171.26999999999995
27,38,250.58000000000004
27,39,24.88
27,40,21.59
27,41,20.9
27,42,2.0
27,45,1.0
27,46,0.0
27,47,1.0
27,48,10.85
27,49,1.0
27,50,8.64
27,52,3.0
27,55,3.77
27,57,3.83
27,58,2.3
27,67,0.0
27,93,4181.839999999998
27,96,18.71
27,97,2.0
27,98,3.57
27,99,4.0
27,100,2.0
27,103,14.06
27,108,3.84
28,0,23.0
28,1,7.01
28,3,1.0
28,5,2.0
28,6,9.0
28,10,4.1099999999999985
28,12,14.96
28,13,2.0
28,14,2.0
28,15,132.92000000000002
28,16,29.74
28,17,94.9
28,18,6.0
28,19,9.65
28,20,60.12
28,21,31.93
28,22,63.08
28,23,2978.82
28,24,15114.010000000013
28,25,92.6
28,26,9055.530000000002
28,27,19220.07
28,28,446341.22999999963
28,29,5399.28
28,30,62.18999999999999
28,31,18.75
28,32,28.16
28,33,259.72
28,34,20.65
28,35,12.0
28,36,32.980000000000004
28,37,411.29000000000013
28,38,1044.65
28,39,27.36
28,40,11.0
28,41,27.39
28,42,0.0
28,43,2.04
28,45,2.0
28,47,4.0
28,48,6.38
28,50,6.0
28,52,4.25
28,53,3.8
28,54,3.0
28,58,10.52
28,93,75.08
28,96,12.0
28,97,0.0
28,99,1.0
28,100,7.0
28,103,1.0
28,108,4.0
29,0,4.0
29,1,19.21
29,3,2.0
29,4,1.0
29,5,1.0
29,6,1.0
29,7,2.0
29,10,1.0
29,12,4.0
29,13,6.16
29,14,5.0
29,15,18.02
29,16,6.0
29,17,15.86
29,18,1.0
29,19,5.0
29,20,988.64
29,21,16.5
29,22,23.0
29,23,1696.6200000000006
29,24,215.87000000000003
29,25,9.68
29,26,91.22
29,27,2287.68
29,28,5274.959999999998
29,29,99700.79999999996
29,30,17.87
29,31,2.04
29,32,1.0
29,33,13.64
29,34,15.29
29,35,43.13
29,36,309.9
29,37,1140.7600000000002
29,38,7206.88
29,39,176.3
29,40,32.47
29,41,6.0
29,42,1.0
29,43,4.0
29,45,4.0
29,47,9.0
29,48,22.87
29,50,22.31
29,54,10.14
29,55,1.0
29,57,2.0
29,67,2.37
29,69,1.0
29,93,6.32
29,96,1.0
29,97,1.0
29,98,3.0
29,99,10.0
29,100,8.71
29,103,1.0
29,108,4.62
30,0,157.0
30,15,10.0
30,16,23.29
30,17,3.0
30,19,3.0
30,20,2.0
30,21,8.0
30,22,31.37
30,23,27.69
30,24,35.97
30,25,95.0
30,26,386.92
30,27,2355.21
30,28,169.39
30,29,6.66
30,30,254289.90999999997
30,31,6671.140000000001
30,32,2250.57
30,33,1.0
30,34,4.35
30,35,3.0
30,36,2.0
30,37,6.0
30,38,5.15
30,39,1.0
30,40,5.0
30,47,1.0
30,48,2.0
30,50,1.0
30,52,1.0
30,93,4161.33
30,98,2.0
30,99,1.0
30,100,2.0
30,108,1.0
31,0,216.03
31,14,1.0
31,15,2.0
31,16,1.0
31,17,1.0
31,22,3.0
31,23,6.94
31,24,15.0
31,25,2.0
31,26,63.64
31,27,137.99
31,28,14.0
31,29,1.0
31,30,6198.959999999999
31,31,56143.97000000002
31,32,5365.959999999999
31,34,4.71
31,36,3.0
31,37,8.65
31,38,4.73
31,40,2.0
31,48,1.0
31,93,112.98
31,97,1.0
31,98,2.0
31,100,5.35
32,0,350.04
32,15,3.86
32,17,2.0
32,22,2.0
32,23,0.0
32,24,2.0
32,25,0.0
32,26,28.4
32,27,146.36999999999995
32,28,21.03
32,29,3.08
32,30,813.64
32,31,2457.34
32,32,110858.99
32,33,3.7
32,34,0.0
32,35,1.0
32,37,2.13
32,38,5.27
32,40,0.0
32,48,0.0
32,58,3.16
32,93,116.06
32,100,0.0
33,0,8.0
33,1,27.81
33,2,7.0
33,3,15.77
33,4,11.75
33,5,17.810000000000006
33,6,72.49000000000002
33,7,2.0
33,8,8.0
33,9,1.0
33,10,41.89
33,11,4.0
33,12,32.5
33,13,23.06
33,14,1.0
33,15,3678.630000000001
33,16,54.72
33,17,223.69
33,18,1438.95
33,19,2463.06
33,20,53.88
33,21,2.0
33,22,5.0
33,23,25.36
33,24,24.81
33,25,3.0
33,26,3.0
33,28,513.0
33,29,1.0
33,30,1.0
33,33,128980.94999999994
33,34,4177.69
33,35,162.84
33,36,100.29
33,37,148.16000000000003
33,38,4.0
33,39,8.0
33,40,14.44
33,41,27.0
33,42,1.0
33,43,1.0
33,45,4.0
33,46,3.0
33,47,11.45
33,48,2.0
33,49,2.0
33,50,6.55
33,51,1.0
33,52,6.69
33,54,20.0
33,93,2.0
33,96,5.98
33,97,12.87
33,98,2068.87
33,99,7.6
33,100,4.0
33,108,74.21000000000002
34,0,11.0
34,1,27.21
34,3,13.0
34,4,8.0
34,5,4.0
34,6,13.64
34,8,63.69
34,9,4.0
34,10,49.0
34,11,41.15
34,12,15.84
34,13,4.0
34,15,800.7000000000003
34,16,30.950000000000006
34,17,80.65
34,18,36.95
34,19,646.96
34,20,378.72
34,21,4.0
34,22,6.0
34,23,58.89
34,24,11.0
34,26,5.0
34,27,4.0
34,28,118.45
34,29,4.0
34,30,4.0
34,32,0.0
34,33,1707.3000000000004
34,34,220436.93
34,35,5141.539999999999
34,36,632.1700000000002
34,37,664.76
34,38,7.99
34,39,11.33
34,40,37.71
34,41,2.34
34,42,4.67
34,45,74.9
34,46,11.9
34,47,8.0
34,48,14.19
34,49,2.0
34,50,10.33
34,51,9.0
34,52,1.0
34,53,10.84
34,54,20.14
34,55,5.6400000000000015
34,58,3.0
34,93,45.24
34,96,3.0
34,97,4.0
34,98,66.68
34,99,10.57
34,100,3.0
34,108,15.0
34,109,1.0
35,0,13.0
35,1,118.04
35,3,53.99
35,4,6.0
35,5,4.0
35,6,20.0
35,7,13.0
35,8,9.0
35,9,2.0
35,10,12.53
35,11,12.0
35,12,2.0
35,13,6.0
35,15,261.39
35,16,13.47
35,17,44.03
35,18,12.0
35,19,164.01999999999995
35,20,3154.5399999999995
35,21,7.0
35,22,20.0
35,23,136.78
35,24,13.0
35,26,6.0
35,27,12.03
35,28,25.7
35,29,100.14
35,30,4.0
35,31,1.0
35,32,1.0
35,33,134.99
35,34,8968.949999999997
35,35,250949.03000000012
35,36,19840.98999999999
35,37,1848.2300000000007
35,38,85.53
35,39,27.01
35,40,32.94
35,41,9.76
35,42,5.0
35,43,66.16
35,45,25.0
35,46,0.0
35,47,2.0
35,48,17.79
35,49,1.0
35,50,1.0
35,51,11.0
35,53,1.0
35,54,45.14
35,55,14.0
35,56,1.0
35,57,4.0
35,58,11.43
35,93,8.0
35,96,4.0
35,97,3.0
35,98,30.74
35,99,36.34
35,100,7.82
35,103,14.54
35,108,9.0
35,109,2.0
36,0,10.0
36,1,28.81
36,3,168.09
36,4,3.0
36,5,3.05
36,7,13.0
36,8,2.0
36,9,0.0
36,11,3.45
36,12,2.0
36,13,41.84
36,14,3.23
36,15,211.05
36,16,16.869999999999994
36,17,29.39
36,18,2.0
36,19,17.08
36,20,1238.7600000000004
36,21,4.0
36,22,15.61
36,23,280.75000000000006
36,24,25.7
36,25,2.0
36,26,6.0
36,27,11.04
36,28,45.06
36,29,100.77
36,30,4.0
36,31,2.0
36,32,2.84
36,33,78.22999999999998
36,34,1037.3
36,35,11488.289999999995
36,36,343859.13000000024
36,37,13033.560000000007
36,38,1172.6800000000005
36,39,83.88
36,40,94.35
36,41,3.0
36,42,1.0
36,43,155.91000000000003
36,44,2.2
36,45,81.02
36,46,13.0
36,47,92.0
36,48,65.24000000000001
36,49,1.0
36,50,10.52
36,51,5.23
36,52,2.0
36,54,18.34
36,56,1.0
36,57,7.1400000000000015
36,58,18.09
36,67,0.0
36,93,1.0
36,96,27.46
36,97,2.0
36,98,325.86
36,99,39.85
36,100,4.43
36,103,61.56
36,108,5.699999999999998
36,109,2.0
37,0,39.99
37,1,24.26
37,2,3.0
37,3,34.14
37,4,7.0
37,5,64.84
37,6,12.07
37,7,5.0
37,9,3.0
37,10,10.51
37,11,6.13
37,12,64.38
37,13,47.48
37,14,110.49
37,15,254.88
37,16,58.16
37,17,209.95
37,18,6.0
37,19,20.61
37,20,133.5
37,21,65.14
37,22,64.33
37,23,289.12
37,24,40.78
37,25,4.0
37,26,25.76
37,27,42.18
37,28,225.97000000000008
37,29,218.17
37,30,57.57999999999999
37,31,48.61000000000001
37,32,3.0
37,33,49.56
37,34,362.86999999999983
37,35,798.1099999999999
37,36,6841.710000000005
37,37,498645.1700000009
37,38,5982.980000000001
37,39,3887.4199999999987
37,40,1632.8199999999995
37,41,34.62
37,42,19.81
37,43,6.0
37,44,13.45
37,45,31.69
37,46,13.98
37,47,190.0
37,48,630.99
37,49,0.0
37,50,12.0
37,51,12.99
37,52,8.21
37,53,4.0600000000000005
37,54,20.22
37,56,19.94
37,57,1.0
37,58,34.33
37,63,0.0
37,67,11.0
37,68,15.0
37,69,3.59
37,93,2.0
37,96,38.24
37,97,8.86
37,98,19.81
37,99,328.54
37,100,151.25
37,103,12.22
37,108,7.72
37,109,2.0
38,0,6.0
38,1,25.26
38,2,2.0
38,3,5.6400000000000015
38,5,15.45
38,6,2.0
38,9,2.0
38,10,15.0
38,12,9.75
38,13,7.0
38,14,13.71
38,15,35.8
38,16,9.0
38,17,72.58
38,18,3.0
38,19,9.84
38,20,219.94
38,21,41.0
38,22,40.75
38,23,121.02
38,24,57.97
38,25,8.0
38,26,28.36
38,27,188.53
38,28,414.67
38,29,2607.32
38,30,16.0
38,31,5.17
38,32,3.0
38,33,32.77
38,34,38.33
38,35,120.64
38,36,2682.2999999999993
38,37,16864.690000000002
38,38,147076.12999999998
38,39,2610.4300000000007
38,40,198.51
38,41,10.37
38,42,4.0
38,43,3.0
38,44,1.0
38,45,5.71
38,46,1.0
38,47,2.0
38,48,90.14
38,50,1.0
38,51,2.0
38,52,0.0
38,53,1.0
38,54,1.0
38,56,1.0
38,57,2.0
38,58,0.0
38,67,16.11
38,69,1.0
38,93,6.1
38,96,41.74
38,97,3.0
38,98,32.0
38,99,21.0
38,100,7.51
38,103,1.0
38,108,2.0
38,109,0.0
39,0,52.99
39,2,2.0
39,5,5.57
39,6,1.0
39,9,1.0
39,12,4.0
39,13,9.11
39,14,6.43
39,15,36.17
39,16,60.8
39,17,11.03
39,19,4.0
39,20,4.0
39,21,3.0
39,22,10.0
39,23,36.21
39,24,53.48
39,25,1.0
39,26,4.0
39,27,90.89
39,28,17.52
39,29,39.79
39,30,12.05
39,31,6.4
39,33,23.66
39,34,22.39
39,35,519.8399999999998
39,36,142.54999999999995
39,37,9807.500000000002
39,38,1015.93
39,39,174579.09999999995
39,40,9210.869999999997
39,41,27.53
39,42,9.77
39,43,5.8900000000000015
39,44,9.0
39,46,3.0
39,47,4.0
39,48,162.19
39,49,2.0
39,50,2.0
39,51,5.98
39,52,1.0
39,54,13.37
39,55,1.0
39,57,42.0
39,58,8.82
39,66,3.19
39,67,7.09
39,93,4.0
39,96,6.5299999999999985
39,98,7.0
39,99,685.9999999999999
39,100,4.0
39,108,4.37
39,109,1.0
40,0,393.0
40,2,2.0
40,3,2.0
40,5,4.0
40,6,3.0
40,10,2.0
40,12,5.69
40,13,0.0
40,15,24.07
40,16,3.0
40,17,4.39
40,18,4.59
40,19,4.27
40,20,10.38
40,21,0.0
40,22,11.77
40,23,19.45
40,24,26.21
40,25,6.0
40,26,5.0
40,27,3.0
40,28,4.0
40,29,15.52
40,30,1.0
40,31,2.0
40,32,0.0
40,33,33.97
40,34,15.87
40,35,58.53
40,36,67.47999999999999
40,37,2981.75
40,38,158.72
40,39,6645.590000000003
40,40,191139.10000000003
40,41,163.11
40,42,40.05
40,43,16.4
40,44,1.0
40,45,0.0
40,47,1.9
40,48,39.1
40,50,7.16
40,51,51.0
40,52,3.0
40,53,1.0
40,54,25.02
40,56,1.0
40,57,4.0
40,58,26.09
40,60,4.0
40,66,0.0
40,67,7.3900000000000015
40,68,1.0
40,69,1.0
40,97,2.0
40,98,7.0
40,99,6944.030000000002
40,100,1.0
40,108,8.51
40,109,2.0
41,0,640.0
41,15,12.77
41,17,2.0
41,18,322.19000000000005
41,19,2.0
41,20,1.0
41,22,2.0
41,23,5.0
41,24,2.0
41,25,1.0
41,26,1.0
41,27,7.56
41,28,22.14
41,29,23.4
41,33,64.06
41,34,9.38
41,35,13.51
41,36,10.98
41,37,144.27
41,38,11.34
41,39,79.96
41,40,400.15
41,41,171298.26999999993
41,42,5561.82
41,43,57.28
41,44,23.18
41,45,1.0
41,46,4.0
41,47,6.0
41,48,78.32
41,50,35.65
41,51,131.70999999999998
41,52,5.0
41,53,1.0
41,54,354.98
41,55,14.71
41,56,5.0
41,57,13.78
41,58,21.12
41,60,3.0
41,66,4.1
41,67,7.0
41,68,6.0
41,69,1.0
41,70,1.0
41,93,3.16
41,94,1.0
41,99,5452.090000000001
41,100,70.64
41,109,12.69
42,0,17.0
42,15,8.61
42,17,2.0
42,18,22.35
42,20,1.0
42,22,3.12
42,23,3.56
42,24,8.72
42,26,17.659999999999997
42,27,8.43
42,28,4.0
42,29,4.41
42,33,9.64
42,34,6.0
42,35,3.37
42,36,7.62
42,37,57.28
42,38,5.17
42,39,36.32
42,40,97.31
42,41,3353.6700000000005
42,42,230647.88999999987
42,43,6946.840000000003
42,44,175.13000000000005
42,45,2.61
42,47,29.380000000000006
42,48,13.56
42,50,3.81
42,51,52.1
42,52,8.1
42,54,264.80999999999995
42,55,3.0
42,56,3.0
42,57,1.0
42,58,37.83
42,60,1.0
42,61,3.36
42,62,16.29
42,63,1.0
42,64,1.52
42,66,5.18
42,67,21.6
42,68,16.9
42,69,9.0
42,71,6.7
42,72,0.0
42,98,2.68
42,99,283.94
42,100,14.05
42,109,264.47
43,0,2.0
43,20,1.0
43,23,2.97
43,26,1.0
43,27,1.0
43,28,2.0
43,33,1.0
43,34,5.6
43,36,2.0
43,37,18.34
43,38,6.0
43,39,5.0
43,40,35.83
43,41,131.45
43,42,10059.199999999997
43,43,143960.05000000016
43,44,256.65000000000003
43,47,2.77
43,48,6.16
43,51,6.0
43,52,1.0
43,53,2.0
43,54,223.13
43,55,6.0
43,56,3.0
43,57,14.02
43,58,27.91
43,60,1.0
43,61,14.0
43,62,1.0
43,63,5.0
43,64,2.0
43,65,1.0
43,66,10.05
43,67,48.87000000000001
43,68,22.35
43,69,5.0
43,71,3.0
43,99,20.0
43,100,1.0
43,109,4113.5999999999985
44,28,1.0
44,35,2.0
44,36,3.02
44,37,8.65
44,38,8.21
44,39,6.01
44,40,4.29
44,41,40.55
44,42,600.8800000000001
44,43,624.44
44,44,89872.17999999993
44,48,4.0
44,51,3.0
44,52,1.0
44,54,44.51
44,55,3.55
44,56,1.0
44,57,69.42
44,58,58.69
44,59,1.0
44,60,1.0
44,61,2.0
44,63,3.6
44,65,1.0
44,66,55.55
44,67,5124.440000000001
44,68,139.32
44,69,84.69000000000003
44,70,3.0
44,71,1.0
44,72,1.0
44,99,6.0
44,109,2472.18
45,0,9.0
45,1,20.950000000000006
45,2,16.09
45,3,1.0
45,4,2.0
45,5,1.0
45,6,7.1400000000000015
45,7,2.0
45,8,5.69
45,9,2.0
45,10,142.05
45,11,7886.98
45,13,13.41
45,15,32.98
45,16,0.0
45,17,15.79
45,18,8.86
45,19,5.51
45,20,1.0
45,21,1.0
45,22,6.0
45,23,4.0
45,26,4.87
45,27,1.0
45,28,1.0
45,29,2.0
45,33,12.7
45,34,436.25
45,35,15.96
45,36,13.28
45,37,15.82
45,38,4.67
45,41,21.4
45,42,2.55
45,43,58.0
45,45,74568.02000000003
45,46,3636.2
45,47,67.82
45,48,317.7399999999999
45,49,202.19
45,50,2567.870000000001
45,51,3.0
45,52,13.04
45,53,0.0
45,54,1.0
45,55,1.0
45,56,1.0
45,57,2.0
45,58,4.08
45,97,1.0
45,98,3.0
45,100,53.25
45,108,11.97
46,1,5.0
46,2,6.74
46,3,12.42
46,4,15.14
46,5,15.07
46,6,11.04
46,7,0.0
46,8,2.38
46,9,1.0
46,10,70.95
46,11,459.06
46,12,4.35
46,13,11.2
46,15,25.32
46,16,11.4
46,17,8.629999999999999
46,18,22.64
46,19,1.0
46,20,3.6
46,21,3.5
46,22,23.33
46,23,28.88
46,24,6.2799999999999985
46,25,1.0
46,26,101.47
46,27,0.0
46,28,45.95
46,29,2.0
46,30,1.0
46,33,11.81
46,34,24.7
46,35,8.0
46,36,15.35
46,37,35.66000000000001
46,38,0.0
46,39,0.0
46,40,3.23
46,41,9.27
46,43,27.44
46,45,2272.4800000000005
46,46,168420.93000000002
46,47,3043.9
46,48,1883.31
46,49,754.3999999999997
46,50,9518.81
46,51,21.35
46,52,35.0
46,53,5.48
46,54,7.780000000000001
46,55,1.0
46,57,15.85
46,58,16.93
46,90,0.0
46,96,1.0
46,97,91.79
46,98,64.80000000000001
46,99,16.0
46,100,329.2600000000001
46,103,3.0
46,108,4.0
47,1,11.56
47,3,2.0
47,4,6.72
47,5,22.64
47,6,8.379999999999999
47,8,1.0
47,9,1.0
47,10,2.0
47,11,24.590000000000003
47,12,4.0
47,13,1.0
47,15,18.96
47,16,2.0
47,17,7.0
47,18,8.0
47,20,2.0
47,21,1.0
47,22,11.0
47,23,3.0
47,24,4.77
47,25,2.0
47,26,5.0
47,27,1.0
47,28,21.54
47,29,1.0
47,30,1.0
47,32,0.0
47,33,117.24
47,34,24.03
47,35,4.0
47,36,35.0
47,37,517.5699999999998
47,38,4.0
47,39,3.22
47,40,11.0
47,41,3.72
47,42,3.39
47,43,3.0
47,45,30.44
47,46,3859.22
47,47,117324.87999999998
47,48,11631.289999999995
47,49,110.24
47,50,1715.8999999999994
47,51,41.13
47,52,92.66
47,53,5.0
47,54,20.05
47,56,2.0
47,57,3.0
47,58,13.62
47,59,1.0
47,67,1.5
47,90,1.0
47,93,1.0
47,96,1.0
47,97,1.0
47,98,4.0
47,99,5.48
47,100,8624.11
47,103,1.0
47,108,3.0
47,109,3.0
48,0,22.0
48,1,9.46
48,2,1.0
48,3,1.0
48,4,1.0
48,5,1.0
48,6,9.78
48,8,1.0
48,9,0.0
48,10,8.0
48,11,29.98
48,12,2.0
48,13,0.0
48,15,75.8
48,16,3.39
48,17,9.92
48,18,12.14
48,19,3.14
48,20,2.29
48,21,4.49
48,22,9.08
48,23,13.14
48,24,11.6
48,25,5.46
48,26,9.26
48,27,0.0
48,28,21.23
48,29,5.42
48,30,0.0
48,32,4.08
48,33,121.09
48,34,18.78
48,35,18.09
48,36,44.84
48,37,809.6700000000002
48,38,26.32
48,39,457.0
48,40,92.65
48,41,2.0
48,43,7.56
48,44,4.74
48,45,40.25
48,46,626.48
48,47,2390.7699999999995
48,48,478525.2299999999
48,49,262.94
48,50,6631.779999999998
48,51,3387.62
48,52,4870.740000000002
48,53,32.6
48,54,64.41
48,55,6.85
48,56,1.0
48,57,7.12
48,58,219.8
48,59,1.0
48,60,5.87
48,63,4.17
48,66,18.92
48,93,5.58
48,96,1.0
48,97,4.94
48,98,5.0
48,99,7.95
48,100,10088.800000000003
48,108,1.0
48,109,2.0
49,1,1.0
49,4,2.77
49,6,0.0
49,9,3.0
49,10,14.43
49,11,130.18
49,12,4.0
49,13,3.0
49,15,15.739999999999998
49,16,9.35
49,17,5.5299999999999985
49,18,18.78
49,23,4.37
49,24,4.1
49,26,1.0
49,27,3.12
49,28,24.0
49,29,8.77
49,33,1.0
49,34,7.29
49,35,5.71
49,36,0.0
49,37,16.42
49,38,2.58
49,39,3.46
49,40,3.0
49,41,2.0
49,43,1.0
49,45,152.83
49,46,595.0199999999999
49,47,120.71000000000002
49,48,1345.9699999999998
49,49,142793.97000000012
49,50,12017.31
49,51,7.72
49,52,78.63999999999999
49,53,896.7900000000002
49,54,5.88
49,56,3.34
49,57,5.0
49,58,25.56
49,59,30.0
49,60,2.0
49,97,2.0
49,99,2.66
49,100,70.09
50,0,1.0
50,1,6.48
50,2,2.0
50,3,0.0
50,4,4.0
50,5,7.85
50,6,1.0
50,8,0.0
50,9,2.0
50,10,37.03
50,11,153.23000000000005
50,12,5.0
50,13,2.0
50,15,64.66
50,16,9.41
50,17,2.0
50,18,41.46
50,19,2.0
50,20,1.0
50,22,3.0
50,23,1.0
50,24,20.4
50,26,6.02
50,28,24.06
50,29,1.0
50,33,21.01
50,34,12.33
50,35,17.34
50,36,5.0
50,37,23.0
50,38,5.69
50,39,1.0
50,40,4.0
50,41,10.63
50,42,1.0
50,43,4.77
50,45,294.62
50,46,4557.08
50,47,927.6300000000003
50,48,10218.7
50,49,7875.969999999998
50,50,186819.11
50,51,49.25
50,52,508.31
50,53,141.23
50,54,19.96
50,57,113.69
50,58,39.2
50,59,8.0
50,60,1.0
50,93,6.77
50,96,13.59
50,97,6.24
50,98,18.22
50,99,2.0
50,100,270.22
50,108,2.0
50,109,1.0
51,0,15.0
51,5,4.51
51,6,9.0
51,8,2.0
51,10,38.58
51,11,4.0
51,15,17.09
51,16,1.0
51,17,2.0
51,18,3.0
51,19,12.0
51,22,6.26
51,23,7.0
51,24,5.0
51,26,9.67
51,27,1.0
51,28,6.12
51,29,9.2
51,33,5.0
51,34,23.24
51,35,5.92
51,36,4.0
51,37,62.74
51,38,2.0
51,39,12.0
51,40,68.93
51,41,171.91
51,42,10.59
51,43,6.6099999999999985
51,44,3.0
51,45,2.0
51,46,20.62
51,47,40.39
51,48,10993.420000000002
51,49,16.740000000000002
51,50,39.97
51,51,156779.95
51,52,2914.0599999999986
51,53,9.5
51,54,2822.26
51,55,24.46
51,56,8.42
51,58,104.37999999999998
51,59,1.0
51,60,8.0
51,61,3.0
51,63,1.0
51,66,7.0
51,67,1.0
51,68,1.0
51,69,6.0
51,98,0.0
51,99,116.11
51,100,126.29
51,108,1.0
51,109,1.0
52,4,4.55
52,5,2.0
52,6,4.77
52,9,2.0
52,10,2.0
52,11,1.0
52,15,7.0
52,16,1.0
52,17,3.0
52,19,2.0
52,20,0.0
52,22,3.0
52,23,2.0
52,24,3.0
52,26,50.55
52,27,0.0
52,29,4.08
52,33,4.0
52,34,8.0
52,35,3.0
52,36,0.0
52,37,23.130000000000006
52,40,2.0
52,41,5.0
52,42,3.0
52,43,3.89
52,44,2.0
52,45,1.0
52,46,15.0
52,47,46.68000000000001
52,48,5493.549999999998
52,49,23.57
52,50,232.02
52,51,1994.58
52,52,127549.93999999994
52,53,568.8399999999998
52,54,903.97
52,55,92.0
52,56,70.78
52,57,3.0
52,58,146.71
52,59,1.0
52,61,5.0
52,63,1.0
52,66,2.0
52,68,1.0
52,96,2.85
52,99,5.52
52,100,96.85
52,108,1.0
52,109,2.21
53,0,1.0
53,6,1.0
53,9,1.0
53,10,11.0
53,11,3.0
53,18,0.0
53,19,6.42
53,23,2.0
53,26,1.0
53,27,1.0
53,28,22.41
53,29,1.0
53,33,2.55
53,35,2.0
53,37,29.51
53,39,1.0
53,40,6.74
53,44,1.0
53,45,10.73
53,46,4.0
53,47,6.32
53,48,244.16
53,49,1886.66
53,50,370.29
53,51,40.02
53,52,1966.49
53,53,93003.90999999996
53,54,21.0
53,55,13.0
53,56,292.17
53,57,1.0
53,58,453.2
53,60,1.0
53,66,2.0
53,67,1.0
53,68,1.0
53,69,1.0
53,90,0.0
53,98,1.0
53,99,1.0
53,100,16.29
54,0,9.0
54,10,2.0
54,11,2.0
54,15,3.0
54,18,1.0
54,20,0.0
54,23,2.0
54,24,1.0
54,28,6.0
54,29,1.0
54,33,6.0
54,34,14.0
54,35,4.0
54,36,1.0
54,37,41.76
54,38,1.0
54,39,24.49
54,40,39.89
54,41,274.08
54,42,1295.0299999999995
54,43,223.88
54,44,20.65
54,45,2.0
54,46,3.0
54,47,17.85
54,48,233.51
54,49,5.0
54,50,15.23
54,51,4188.949999999999
54,52,1598.1199999999994
54,53,13.15
54,54,317511.99000000005
54,55,2062.03
54,56,91.34
54,57,103.49
54,58,703.5299999999999
54,59,5.0
54,60,31.69
54,61,2.0
54,63,8.0
54,66,11.34
54,67,4.0
54,68,12.64
54,69,4.0
54,70,3.64
54,94,1.0
54,99,36.12
54,100,12.63
54,109,7.0
55,0,3.0
55,29,5.0
55,34,2.0
55,35,2.0
55,36,3.0
55,37,8.469999999999999
55,39,1.0
55,40,1.0
55,41,1.0
55,42,11.51
55,43,12.19
55,44,2.0
55,45,1.0
55,46,11.77
55,47,2.0
55,48,47.68
55,49,1.0
55,50,0.0
55,51,62.32
55,52,271.07
55,53,7.32
55,54,3420.080000000001
55,55,95422.91
55,56,1625.3899999999994
55,57,527.48
55,58,3344.03
55,59,16.41
55,60,29.25
55,61,2.0
55,63,3.0
55,65,1.0
55,66,27.25
55,67,2.0
55,68,6.21
55,69,11.99
55,70,0.0
55,99,1.0
55,100,2.0
55,109,3.72
56,0,52.0
56,23,1.0
56,29,5.0
56,35,4.8100000000000005
56,36,3.0
56,37,2.0
56,39,7.0
56,41,2.0
56,42,6.0
56,43,13.0
56,44,1.0
56,47,4.0
56,48,21.0
56,49,4.0
56,50,4.0
56,51,35.54
56,52,332.0
56,53,661.41
56,54,159.29
56,55,2161.16
56,56,122017.90999999995
56,57,189.54
56,58,17158.33
56,59,92.41
56,60,26.54
56,61,1.0
56,62,2.0
56,63,8.0
56,64,1.0
56,65,2.0
56,66,13.0
56,67,1.0
56,69,2.0
56,90,0.0
56,94,1.0
56,99,9.0
56,100,1.0
56,109,8.0
57,0,17.0
57,37,2.0
57,39,3.0
57,40,1.0
57,42,0.0
57,43,4.0
57,44,66.99
57,47,4.9
57,48,11.0
57,50,1.0
57,51,10.0
57,52,9.27
57,53,30.88
57,54,162.4
57,55,1019.78
57,56,546.96
57,57,55520.97999999998
57,58,11766.260000000006
57,59,45.66
57,60,20.0
57,63,3.0
57,64,1.0
57,65,3.0
57,66,1688.87
57,67,12.0
57,68,10.0
57,69,9.0
57,94,1.0
57,99,5.0
57,109,5.0
58,0,2086.0200000000004
58,1,18.93
58,3,0.0
58,10,3.39
58,11,5.6400000000000015
58,15,87.26
58,17,3.12
58,23,2.91
58,27,2.94
58,28,3.21
58,32,2.92
58,34,10.0
58,35,2.0
58,36,4.0600000000000005
58,37,97.88
58,38,2.96
58,39,39.63
58,40,23.78
58,41,56.99
58,42,31.28
58,43,41.76
58,44,30.770000000000003
58,46,12.04
58,47,17.25
58,48,186.05
58,49,23.91
58,50,19.64
58,51,40.73999999999999
58,52,55.15999999999999
58,53,130.26000000000002
58,54,192.95
58,55,265.63
58,56,3779.160000000001
58,57,2814.8500000000013
58,58,2007432.6500000008
58,59,12095.790000000005
58,60,4568.370000000001
58,61,169.31999999999996
58,62,55.49999999999999
58,63,496.69000000000005
58,64,33.03
58,65,62.15000000000001
58,66,1392.84
58,67,53.13999999999999
58,68,18.61
58,69,274.44999999999993
58,70,65.16
58,71,49.01000000000001
58,72,11.08
58,76,35.07
58,77,1.0
58,78,0.0
58,79,0.0
58,80,13.3
58,81,3.5
58,82,0.0
58,90,4.0
58,92,3.08
58,94,34.52
58,99,223.28
58,100,6.82
58,102,10.15
58,109,71.4
58,110,1.63
59,0,17.0
59,40,3.68
59,42,0.0
59,43,1.0
59,44,2.0
59,47,1.0
59,48,8.76
59,49,64.25
59,50,2.56
59,51,8.59
59,52,4.0
59,53,8.61
59,54,22.1
59,55,11.34
59,56,25.31
59,57,42.61
59,58,33631.10000000001
59,59,217517.04000000018
59,60,3217.6999999999994
59,61,1059.33
59,62,8.0
59,63,1483.2000000000005
59,64,12.33
59,65,44.44
59,66,24.89
59,67,1.0
59,68,5.83
59,69,8.0
59,70,4.69
59,71,4.0
59,72,1.0
59,76,2.0
59,77,1.0
59,94,28.12
59,99,4.63
59,100,1.0
59,109,1.0
60,0,14.01
60,8,0.0
60,40,2.0
60,41,12.0
60,42,6.2799999999999985
60,43,8.28
60,44,1.0
60,48,48.44
60,49,1.0
60,51,20.34
60,52,9.46
60,53,7.81
60,54,28.4
60,55,53.65000000000001
60,56,47.24
60,57,89.67999999999998
60,58,18628.959999999995
60,59,1741.31
60,60,194617.91000000012
60,61,509.93
60,62,20.33
60,63,346.43
60,64,10.0
60,65,9.0
60,66,606.28
60,67,9.0
60,68,12.0
60,69,34.02
60,70,18.7
60,71,23.0
60,76,1.0
60,77,1.97
60,94,281.5100000000001
60,99,2.0
60,100,4.0
60,109,21.04
61,42,2.0
61,43,17.32
61,44,4.0
61,48,1.0
61,51,4.0
61,52,7.2799999999999985
61,53,8.06
61,54,22.03
61,55,10.17
61,56,22.31
61,57,29.87
61,58,3131.93
61,59,2177.91
61,60,3567.1700000000005
61,61,328612.79999999964
61,62,2537.43
61,63,37831.779999999984
61,64,464.81
61,65,1031.6899999999996
61,66,46.26
61,67,39.6
61,68,18.44
61,69,25.02
61,70,105.26
61,71,22.64
61,72,21.75
61,73,2.0
61,74,4.3100000000000005
61,75,14.0
61,76,35.42
61,77,3.0
61,78,72.80000000000003
61,79,23.75
61,94,1700.68
61,101,1.0
61,109,2.0
61,110,1.0
62,43,4.0
62,44,2.0
62,54,3.0
62,55,5.0
62,56,1.0
62,57,1.0
62,58,200.95
62,59,21.81
62,60,59.18
62,61,3130.64
62,62,107915.99
62,63,3827.33
62,64,2306.47
62,65,441.25
62,66,2.0
62,67,1.0
62,68,1.0
62,69,11.0
62,70,1272.19
62,71,193.47
62,72,11.0
62,74,1.0
62,75,2.0
62,76,17.0
62,77,1.0
62,78,3.0
62,94,45.67
62,110,3.0
63,1,8.15
63,15,31.130000000000006
63,27,1.0
63,37,14.08
63,43,14.03
63,44,8.7
63,48,7.7799999999999985
63,51,0.0
63,52,15.95
63,53,4.76
63,54,46.77
63,55,35.11
63,56,77.8
63,57,34.72000000000001
63,58,2880.2900000000004
63,59,641.6199999999999
63,60,402.04999999999984
63,61,29964.790000000008
63,62,1098.8799999999994
63,63,1217375.3200000012
63,64,3231.8899999999994
63,65,16843.329999999994
63,66,41.41
63,67,19.47
63,68,40.93
63,69,43.59
63,70,55.08
63,71,47.63
63,72,107.28
63,73,21.86
63,74,0.0
63,75,9.57
63,76,161.78
63,77,8.1
63,78,54.21999999999999
63,79,15.31
63,82,1.0
63,94,92.54
63,101,74.05
63,102,1.0
63,109,13.03
63,110,10.05
64,12,1.0
64,44,10.0
64,52,2.0
64,54,4.54
64,55,3.0
64,56,3.0
64,57,3.0
64,58,250.14
64,59,11.89
64,60,21.0
64,61,992.18
64,62,5364.200000000002
64,63,11368.62
64,64,158909.91000000006
64,65,7181.35
64,66,23.59
64,67,5.0
64,68,2.0
64,69,7.0
64,70,104.35
64,71,445.3
64,72,20.0
64,73,1.0
64,74,0.0
64,75,1.0
64,76,605.86
64,77,2.0
64,78,4.0
64,94,16.0
64,101,1.0
64,109,2.0
64,110,15.0
65,0,1.0
65,44,15.07
65,52,1.0
65,54,4.96
65,55,17.34
65,56,2.0
65,57,8.01
65,58,639.4000000000002
65,59,50.41
65,60,58.69999999999999
65,61,1149.6699999999996
65,62,241.57
65,63,21626.210000000006
65,64,2752.3900000000012
65,65,444297.5199999996
65,66,48.95
65,67,1.0
65,68,4.0
65,69,18.41
65,70,42.61000000000001
65,71,37.18000000000001
65,72,14.27
65,73,7.73
65,75,2.0
65,76,1661.2899999999993
65,77,47.68000000000001
65,78,102.86
65,79,9.82
65,80,3.0
65,94,33.0
65,101,3.0
65,102,2.93
65,109,3.38
65,110,1.0
66,0,3.0
66,5,1.0
66,40,3.0
66,41,4.0
66,42,10.82
66,43,14.0
66,44,69.0
66,48,4.94
66,51,212.51
66,52,1.0
66,53,2.0
66,54,39.33
66,55,16.0
66,56,5.0
66,57,347.52
66,58,3365.600000000001
66,59,28.32
66,60,901.26
66,61,26.0
66,63,86.0
66,64,9.61
66,65,2.0
66,66,125771.04
66,67,385.76
66,68,1248.8400000000004
66,69,573.7399999999999
66,70,20.6
66,71,6.0
66,78,1.0
66,94,132.19
66,99,7.0
66,109,30.0
67,36,2.17
67,37,20.4
67,38,7.0
67,39,2.0
67,40,2.0
67,41,21.0
67,42,205.1
67,43,135.57999999999998
67,44,5989.14
67,48,2.0
67,51,6.0
67,52,1.0
67,54,26.83
67,55,8.0
67,56,2.0
67,57,16.09
67,58,239.13
67,60,9.0
67,61,5.0
67,63,6.4700000000000015
67,64,10.59
67,65,1.0
67,66,1633.6800000000005
67,67,129862.86
67,68,4727.6500000000015
67,69,1029.17
67,70,8.7
67,71,12.2
67,72,2.51
67,94,3.98
67,99,4.0600000000000005
67,109,185.54
68,0,1.0
68,7,1.0
68,15,5.78
68,37,28.15
68,38,2.0
68,39,5.4
68,40,2.0
68,41,53.03
68,42,78.99000000000002
68,43,60.03
68,44,189.94
68,46,1.0
68,51,4.82
68,52,1.0
68,54,27.52
68,55,0.0
68,56,2.0
68,57,30.73
68,58,147.68
68,59,6.87
68,60,8.0
68,61,6.2
68,62,3.75
68,63,7.57
68,64,1.0
68,65,0.0
68,66,1465.11
68,67,3063.4699999999993
68,68,124316.79
68,69,17104.149999999994
68,70,42.32
68,71,42.65
68,72,3.16
68,76,5.3100000000000005
68,94,3.78
68,99,4.5
68,109,33.02
69,37,12.45
69,39,6.1400000000000015
69,40,4.04
69,41,23.41
69,42,67.77000000000001
69,43,27.31
69,44,67.49000000000001
69,51,1.0
69,53,6.0
69,54,18.69
69,57,17.740000000000006
69,58,126.14
69,59,3.0
69,60,8.0
69,61,28.02
69,62,4.8900000000000015
69,63,18.53
69,65,8.83
69,66,551.8299999999998
69,67,500.41
69,68,12873.239999999998
69,69,161726.15000000017
69,70,963.72
69,71,45.95
69,72,5.72
69,73,1.0
69,76,2.0
69,77,1.72
69,94,133.94
69,99,3.0
69,109,30.130000000000006
69,110,1.0
70,12,1.0
70,40,1.0
70,41,5.3
70,42,8.469999999999999
70,43,7.87
70,44,6.7200000000000015
70,54,0.0
70,57,1.0
70,58,65.62
70,59,2.0
70,60,49.24
70,61,74.8
70,62,228.24
70,63,88.16
70,64,24.79
70,65,12.0
70,66,22.31
70,67,9.11
70,68,198.98999999999995
70,69,2698.76
70,70,92856.05999999998
70,71,333.03
70,72,1.0
70,73,0.0
70,74,2.8
70,76,6.0
70,78,9.35
70,94,959.03
70,99,1.0
70,110,3.4
71,15,6.69
71,37,20.77
71,41,0.0
71,42,23.72
71,43,12.11
71,44,12.67
71,54,9.4
71,55,0.0
71,58,67.43
71,59,4.0299999999999985
71,60,4.82
71,61,7.36
71,62,124.16
71,63,96.05
71,64,383.2600000000001
71,65,27.020000000000003
71,66,27.17
71,67,18.86
71,68,251.16
71,69,411.03
71,70,1895.61
71,71,253205.98000000004
71,72,1173.2299999999996
71,73,29.05
71,74,3.4
71,75,4.48
71,76,1851.3299999999995
71,77,2.0
71,78,28.09
71,94,22.3
71,109,1.0
71,110,1347.84
72,0,2.0
72,15,36.78
72,44,7.619999999999999
72,58,21.4
72,59,0.0
72,60,2.0
72,61,6.67
72,62,21.65
72,63,36.3
72,64,42.17
72,65,119.97999999999998
72,66,0.0
72,67,10.05
72,68,8.280000000000001
72,69,114.69
72,70,16.17
72,71,753.1899999999998
72,72,551222.6799999996
72,73,4507.1500000000015
72,74,1992.4899999999993
72,75,251.76
72,76,488.2599999999998
72,77,3264.9400000000005
72,78,27.32
72,79,3.72
72,101,1.0
72,102,1.0
72,110,5711.290000000003
73,58,31.94
73,59,1.0
73,61,4.74
73,62,0.0
73,63,12.7
73,64,0.0
73,65,22.78
73,68,5.6400000000000015
73,69,26.19
73,70,1.0
73,71,35.98
73,72,6218.660000000003
73,73,230912.90999999997
73,74,3000.630000000001
73,75,1039.7800000000002
73,76,57.95
73,77,1585.16
73,78,39.51
73,79,5.0
73,80,3.86
73,83,0.0
73,94,1.0
73,101,1.0
73,110,57.3
74,58,14.45
74,61,5.449999999999998
74,62,3.0
74,63,21.21
74,64,0.0
74,65,11.0
74,69,9.29
74,70,1.0
74,71,14.66
74,72,5425.09
74,73,7424.46
74,74,148910.12
74,75,4293.790000000001
74,76,11.94
74,77,218.42
74,78,9.51
74,79,2.41
74,94,1.69
74,101,1.0
74,102,1.0
74,110,42.58
75,15,13.66
75,58,7.439999999999999
75,61,23.39
75,62,2.0
75,63,1.0
75,64,3.0
75,65,60.13
75,71,34.35
75,72,1510.56
75,73,1687.22
75,74,6105.050000000001
75,75,315493.8100000001
75,76,12.17
75,77,22.4
75,78,28.0
75,79,15.96
75,101,3.0
75,102,2.0
75,110,43.81
76,43,1.0
76,58,100.35
76,59,1.0
76,60,1.0
76,61,12.23
76,62,9.0
76,63,175.97
76,64,216.0
76,65,1213.0
76,66,5.0
76,67,1.0
76,68,57.5
76,69,6.0
76,70,6.0
76,71,493.4500000000001
76,72,225.29
76,73,54.51
76,74,2.0
76,75,4.0
76,76,156469.09999999998
76,77,1156.0
76,78,550.69
76,79,7.0
76,80,1.0
76,83,1.0
76,94,2.0
76,102,2.0
76,110,145.0
77,58,9.23
77,59,1.0
77,62,1.0
77,63,14.83
77,64,4.62
77,65,26.0
77,66,2.0
77,68,3.0
77,69,5.42
77,70,2.62
77,71,6.0
77,72,1667.2299999999993
77,73,1050.12
77,74,24.89
77,75,28.16
77,76,2014.0
77,77,80222.97999999997
77,78,168.96
77,79,2.0
77,80,0.0
77,94,1.0
77,101,7.43
77,102,1.0
77,110,33.61
78,58,28.94
78,59,3.0
78,61,35.74
78,62,3.0
78,63,70.68
78,64,8.18
78,65,178.46
78,70,1.0
78,71,1.0
78,72,66.93
78,73,152.57999999999996
78,74,6.0
78,75,12.87
78,76,898.97
78,77,824.1
78,78,288786.84
78,79,2895.6099999999988
78,80,205.1
78,83,26.55
78,87,4.0
78,94,2.0
78,101,794.0
78,102,268.23
78,110,1.0
79,15,14.92
79,48,8.08
79,58,75.26
79,61,20.35
79,63,4.0
79,64,2.0
79,65,9.54
79,72,7.0
79,75,1.0
79,76,18.0
79,77,2.0
79,78,1948.21
79,79,147975.85
79,80,492.42
79,82,2.0
79,83,32.84
79,85,2.0
79,86,3.01
79,87,79.0
79,88,3.0
79,101,805.95
79,102,1207.4
80,15,3.04
80,58,33.2
80,65,2.0
80,72,3.0
80,73,5.0
80,76,4.0
80,78,485.61
80,79,1465.9
80,80,223396.88
80,82,8.49
80,83,3796.160000000001
80,85,1.0
80,86,2.0
80,87,62.14
80,88,6.0
80,89,8.0
80,101,25.28
80,102,963.19
81,50,10.93
81,58,9.07
81,80,2.0
81,81,164837.96000000017
81,82,4446.68
81,83,38.1
81,84,392.25
81,85,24.72
81,86,23.69
81,87,70.04
81,89,18.53
81,92,0.0
82,15,44.97
82,37,13.989999999999998
82,58,50.18
82,63,4.8900000000000015
82,78,1.0
82,79,24.02
82,80,22.2
82,81,1923.6500000000005
82,82,511973.7699999998
82,83,256.32
82,84,793.34
82,85,394.93000000000006
82,86,394.54000000000013
82,87,217.74
82,88,13.27
82,89,34.22
82,102,16.77
83,15,25.43
83,37,5.7200000000000015
83,58,29.880000000000006
83,63,2.0
83,65,2.0
83,73,0.0
83,76,5.0
83,77,3.0
83,78,23.17
83,79,14.33
83,80,1091.69
83,81,8.35
83,82,1091.15
83,83,266080.91000000003
83,84,16.0
83,85,23.9
83,86,546.3
83,87,3624.94
83,88,15.32
83,89,170.99
83,101,6.46
83,102,31.379999999999995
84,79,2.0
84,80,11.0
84,81,776.2
84,82,3330.71
84,83,29.96
84,84,165907.02000000016
84,85,2535.140000000001
84,86,172.72
84,87,441.89
84,88,104.90999999999998
84,89,23.42
84,102,1.0
85,78,1.0
85,79,14.82
85,80,13.18
85,81,10.73
85,82,947.61
85,83,29.1
85,84,1632.2300000000007
85,85,101961.04999999996
85,86,1224.44
85,87,1476.7700000000011
85,88,994.4800000000004
85,89,91.74
86,78,3.0
86,79,1.0
86,80,3.0
86,81,10.0
86,82,301.05
86,83,152.54000000000005
86,84,77.32
86,85,1162.23
86,86,65204.01000000003
86,87,3187.2
86,88,34.02
86,89,108.66
87,15,19.15
87,40,2.32
87,58,14.52
87,78,214.0
87,79,208.95
87,80,91.53
87,81,8.09
87,82,181.04000000000005
87,83,3477.0200000000013
87,84,87.80000000000003
87,85,510.52
87,86,2213.89
87,87,442837.82
87,88,980.63
87,89,4230.7
87,102,4.0
88,58,12.08
88,78,1.0
88,79,1.0
88,80,15.93
88,81,1.0
88,82,9.49
88,83,27.25
88,84,19.12
88,85,382.58
88,86,36.59
88,87,947.99
88,88,135852.97999999998
88,89,1098.9999999999998
89,1,7.630000000000001
89,15,3.98
89,50,7.02
89,58,9.59
89,78,3.0
89,79,9.74
89,80,26.130000000000006
89,81,2.0
89,82,23.82
89,83,169.21
89,84,22.23
89,85,39.28
89,86,68.07
89,87,5379.589999999998
89,88,1994.6600000000005
89,89,154502.05000000005
90,15,17.1
90,48,1.0
90,50,6.7
90,58,43.2
90,90,209667.96999999997
90,91,1544.16
90,92,116.41
90,95,258.11000000000007
90,111,28.410000000000004
91,50,1.0
91,56,2.0
91,90,1733.64
91,91,62867.99
91,92,338.81
91,95,688.82
91,111,199.76
92,15,9.0
92,58,14.0
92,90,89.46000000000001
92,91,202.19000000000003
92,92,248697.75
92,95,672.17
92,111,4398.210000000001
93,0,10.0
93,3,1.0
93,12,1.0
93,13,3.0
93,14,1.0
93,15,18.74
93,16,6.0
93,17,4.0
93,18,4.0
93,20,5.0
93,21,15.13
93,22,12.0
93,23,24.32
93,24,53.32
93,25,309.05
93,26,6777.560000000001
93,27,3329.3699999999994
93,28,221.41
93,29,10.22
93,30,5149.91
93,31,132.93
93,32,293.16
93,33,3.0
93,34,11.0
93,35,3.0
93,36,3.0
93,37,6.2200000000000015
93,38,2.0
93,39,1.0
93,40,1.0
93,41,1.0
93,46,1.0
93,47,10.98
93,48,3.52
93,50,4.0
93,52,4.15
93,93,146680.13000000006
93,97,1.0
93,98,1.0
93,99,7.0
93,108,2.0
94,43,2.0
94,51,3.28
94,52,2.11
94,54,2.68
94,55,6.18
94,56,2.0
94,58,170.39
94,59,5.0
94,60,666.79
94,61,259.2
94,62,9.0
94,63,211.1
94,64,10.4
94,65,11.03
94,66,595.6
94,67,2.0
94,68,36.0
94,69,304.82
94,70,1408.04
94,71,12.45
94,77,1.0
94,94,32431.880000000005
95,90,435.48
95,91,1536.11
95,92,1786.4900000000002
95,95,61827.04999999999
95,111,726.9299999999998
96,0,14.99
96,1,1997.54
96,2,3997.34
96,3,1157.05
96,4,21.21
96,5,20.26
96,6,87.84
96,7,101.62
96,10,15.87
96,12,78.37
96,13,14.0
96,14,1.0
96,15,506.63
96,16,18.36
96,17,13.62
96,18,45.95
96,21,1.0
96,22,2.34
96,23,2.0
96,24,8.0
96,26,1.0
96,28,1.0
96,33,1.0
96,34,2.0
96,35,1.0
96,36,7.0
96,47,2.0
96,49,1.0
96,50,3.0
96,96,79642.90000000001
96,97,3.0
96,98,9.17
96,103,22.73
96,108,39.07
97,0,178.0
97,1,36.38
97,2,2.0
97,3,25.0
97,4,10.0
97,5,4.0
97,6,16.0
97,7,1.0
97,9,3.0
97,10,15.0
97,11,4.62
97,12,239.14
97,13,5371.569999999999
97,14,1232.6599999999996
97,15,14065.84
97,16,4364.79
97,17,115.82
97,18,50.0
97,19,30.77
97,20,4.0
97,21,3.0
97,22,8.0
97,23,15.0
97,24,45.0
97,25,6.0
97,26,13.0
97,27,1.0
97,28,6.0
97,29,1.0
97,31,5.0
97,33,40.0
97,34,6.0
97,35,5.0
97,36,12.0
97,37,5.0
97,38,1.0
97,39,0.0
97,46,26.0
97,48,2.0
97,50,3.0
97,96,3.0
97,97,142945.03000000006
97,98,56.47
97,99,0.0
97,103,9.0
97,108,14854.890000000005
98,0,14.0
98,1,33.55
98,2,5.0
98,3,18.41
98,4,8.0
98,5,6.29
98,6,28.84
98,7,5.0
98,8,1.0
98,9,4.0
98,10,12.68
98,11,5.0
98,12,108.97
98,13,82.78
98,14,12.17
98,15,28924.11
98,16,400.94000000000005
98,17,163.22
98,18,2469.26
98,19,3025.570000000001
98,20,17.54
98,21,3.75
98,22,4.0
98,23,24.0
98,24,46.02
98,25,3.06
98,26,11.21
98,27,3.0
98,28,334.95
98,29,2.0
98,30,4.74
98,33,3577.830000000001
98,34,316.76
98,35,14.0
98,36,36.74
98,37,30.49
98,38,10.0
98,40,4.68
98,41,15.0
98,45,5.0
98,46,16.0
98,47,2.0
98,48,2.0
98,49,65.0
98,50,4.0
98,52,3.0
98,53,1.0
98,54,3.0
98,96,2.0
98,97,80.86
98,98,82739.82999999996
98,99,2.0
98,100,1.0
98,103,2.0
98,108,472.52999999999986
99,0,4393.03
99,3,1.0
99,10,1.0
99,12,1.0
99,15,16.59
99,16,5.8
99,17,0.0
99,18,8.16
99,20,4.0
99,21,1.0
99,22,14.0
99,23,13.6
99,24,4.6
99,25,1.0
99,26,5.6099999999999985
99,27,2.0
99,28,5.54
99,29,3.0
99,33,6.91
99,34,8.26
99,35,88.99000000000002
99,36,44.31
99,37,848.7700000000002
99,38,36.31
99,39,966.29
99,40,6075.209999999999
99,41,3841.099999999999
99,42,159.62
99,43,13.0
99,44,1.0
99,46,3.5
99,47,3.0
99,48,7.02
99,50,1.0
99,51,36.0
99,54,9.0
99,55,1.0
99,56,2.45
99,57,17.7
99,58,29.16
99,60,4.66
99,66,2.85
99,67,2.0
99,68,2.0
99,69,4.0
99,71,3.48
99,94,0.0
99,97,0.0
99,98,1.0
99,99,147184.06999999995
99,100,0.0
99,109,8.5
100,0,2.0
100,1,5.0
100,3,1.0
100,4,2.0
100,5,1.0
100,6,2.0
100,10,2.0
100,11,4.32
100,12,3.76
100,13,1.0
100,14,3.0
100,15,26.66
100,16,2.0
100,17,7.939999999999999
100,18,4.0
100,20,0.0
100,22,4.0
100,24,5.82
100,25,1.0
100,26,1.0
100,27,1.0
100,28,31.2
100,29,5.0
100,33,284.0
100,34,19.96
100,35,3.0
100,36,6.04
100,37,368.33999999999986
100,38,0.0
100,39,10.61
100,40,17.0
100,41,12.83
100,45,12.46
100,46,174.51999999999995
100,47,4654.260000000001
100,48,23734.84000000001
100,49,26.61
100,50,231.8
100,51,46.91
100,52,110.65
100,53,3.0
100,54,31.72
100,56,1.0
100,57,1.0
100,58,17.950000000000006
100,60,1.0
100,93,5.0
100,98,3.0
100,99,1.0
100,100,102982.98
100,108,2.84
100,109,2.0
101,37,11.0
101,58,16.1
101,61,1.0
101,63,2.0
101,65,1.0
101,72,2.9
101,73,2.0
101,74,1.0
101,75,2.0
101,76,2.0
101,77,3.0
101,78,1327.7899999999995
101,79,811.3199999999998
101,80,23.0
101,83,1.0
101,87,3.0
101,101,65525.01999999999
101,102,13.86
102,65,2.0
102,72,3.0
102,73,1.0
102,75,1.0
102,78,413.97
102,79,1954.07
102,80,813.9500000000003
102,83,103.0
102,84,1.0
102,85,1.0
102,87,6.0
102,101,9.0
102,102,62589.02999999998
103,0,5441.969999999998
103,1,64.47
103,2,89.7
103,3,2785.3300000000013
103,4,3.0
103,5,12.36
103,6,21.0
103,7,2.0
103,10,2.0
103,11,7.09
103,12,599.3000000000002
103,13,28.0
103,15,1100.5599999999997
103,16,11.0
103,17,14.73
103,18,70.01
103,19,1.0
103,20,1.0
103,21,3.0
103,22,3.0
103,23,54.41
103,24,7.0
103,26,1.0
103,27,31.94
103,28,3.74
103,33,3.23
103,34,1.0
103,35,3.0
103,36,4.0
103,37,1.0
103,45,1.0
103,96,18.14
103,97,3.0
103,100,1.0
103,103,67471.06000000001
103,108,16.0
108,0,300.99
108,1,193.89
108,2,29.610000000000007
108,3,220.88
108,4,75.68
108,5,7.5299999999999985
108,6,61.32999999999999
108,7,2.0
108,8,5.05
108,9,26.32
108,10,38.14
108,11,6.44
108,12,5563.719999999998
108,13,12011.890000000007
108,14,45.47
108,15,117614.05000000006
108,16,3148.3699999999994
108,17,278.05000000000007
108,18,383.77
108,19,145.09
108,20,17.27
108,21,5.7799999999999985
108,22,37.28
108,23,46.68
108,24,282.95
108,25,20.97
108,26,19.06
108,27,11.87
108,28,16.98
108,29,17.01
108,30,4.6099999999999985
108,31,3.64
108,32,1.0
108,33,70.52000000000002
108,34,65.47
108,35,14.27
108,36,175.69
108,37,32.75
108,38,3.06
108,39,1.49
108,40,0.0
108,45,18.77
108,46,2.0
108,47,2.0
108,48,22.07
108,49,4.43
108,50,15.17
108,52,17.21
108,93,4.0
108,96,56.28
108,97,10167.460000000003
108,98,295.28
108,99,0.0
108,103,86.15
108,108,315090.09
109,0,1.0
109,20,1.0
109,28,4.0
109,34,3.0
109,37,18.07
109,38,15.87
109,39,2.0
109,40,15.7
109,41,77.71
109,42,1090.03
109,43,6783.03
109,44,2267.32
109,47,2.65
109,48,8.76
109,49,1.0
109,51,4.69
109,52,0.0
109,53,1.0
109,54,14.0
109,55,2.0
109,56,1.0
109,57,1.0
109,58,23.63
109,60,4.0
109,61,1.0
109,63,0.0
109,64,1.0
109,65,1.0
109,66,5.0
109,67,88.76000000000002
109,68,27.54
109,69,17.31
109,71,2.0
109,99,15.02
109,100,1.0
109,109,75070.13999999997
110,42,2.0
110,44,0.0
110,58,30.71
110,59,2.67
110,60,6.92
110,61,4.0
110,62,5.38
110,63,30.95
110,64,8.48
110,65,30.04
110,66,1.0
110,67,10.78
110,68,10.19
110,69,55.78999999999999
110,70,9.77
110,71,2668.47
110,72,14630.010000000002
110,73,131.53
110,74,83.97
110,75,17.06
110,76,706.1400000000001
110,77,33.47
110,78,0.0
110,79,2.73
110,101,0.0
110,110,152924.10999999993
111,90,105.36999999999999
111,91,313.02
111,92,12468.060000000005
111,95,991.14
111,111,100117.24999999999
